date_time,accel_x,accel_y,accel_z,bv_pulse,electro_dermal,heart_rate,temp,group
2019-11-24 18:49:15,-3.0,-26.0,58.0,1.74,8.540753,79.0,31.85,tyler
2019-11-24 18:49:16,-4.0,-26.0,59.0,-9.75,8.540753,67.0,31.83,tyler
2019-11-24 18:49:17,-4.0,-26.0,58.0,2.27,8.542034,72.33,31.85,tyler
2019-11-24 18:49:18,-4.0,-25.0,58.0,-0.79,8.540753,75.5,31.87,tyler
2019-11-24 18:49:19,-4.0,-25.0,58.0,-0.2,8.539473,77.4,31.85,tyler
2019-11-24 18:49:20,-3.0,-26.0,58.0,4.05,8.539473,75.67,31.85,tyler
2019-11-24 18:49:21,-4.0,-25.0,58.0,9.34,8.540753,74.71,31.85,tyler
2019-11-24 18:49:22,-3.0,-25.0,58.0,4.25,8.540753,73.88,31.89,tyler
2019-11-24 18:49:23,-4.0,-25.0,58.0,-7.51,8.542034,72.89,31.89,tyler
2019-11-24 18:49:24,-3.0,-25.0,58.0,3.96,8.540753,71.8,31.85,tyler
2019-11-24 18:49:25,-4.0,-25.0,58.0,4.02,8.539473,71.27,31.89,tyler
2019-11-24 18:49:26,-3.0,-26.0,58.0,-0.39,8.539473,70.42,31.91,tyler
2019-11-24 18:49:27,-3.0,-26.0,58.0,4.23,8.540753,69.38,31.89,tyler
2019-11-24 18:49:28,-4.0,-26.0,58.0,-6.98,8.540753,68.64,31.89,tyler
2019-11-24 18:49:29,-4.0,-25.0,57.0,2.78,8.540753,68.0,31.89,tyler
2019-11-24 18:49:30,1.0,-27.0,57.0,-7.92,8.540753,67.31,31.91,tyler
2019-11-24 18:49:31,-2.0,-25.0,58.0,-7.48,8.540753,67.94,31.91,tyler
2019-11-24 18:49:32,-1.0,-25.0,58.0,-10.73,8.539473,68.61,31.93,tyler
2019-11-24 18:49:33,0.0,-28.0,58.0,16.06,8.540753,68.58,31.93,tyler
2019-11-24 18:49:34,-1.0,-30.0,57.0,-7.32,8.542034,68.45,31.93,tyler
2019-11-24 18:49:35,-2.0,-28.0,58.0,17.71,8.539473,68.1,31.93,tyler
2019-11-24 18:49:36,-1.0,-24.0,55.0,-43.45,8.540753,68.0,31.95,tyler
2019-11-24 18:49:37,9.0,-34.0,60.0,135.43,8.540753,68.09,31.95,tyler
2019-11-24 18:49:38,6.0,-29.0,57.0,-11.72,8.539473,68.17,31.95,tyler
2019-11-24 18:49:39,11.0,-3.0,59.0,20.39,8.540753,68.24,31.93,tyler
2019-11-24 18:49:40,0.0,1.0,62.0,-12.96,8.539473,68.31,31.93,tyler
2019-11-24 18:49:41,-65.0,-3.0,0.0,9.26,8.539473,68.41,31.97,tyler
2019-11-24 18:49:42,-63.0,1.0,3.0,-64.08,8.540753,68.36,31.95,tyler
2019-11-24 18:49:43,-63.0,-2.0,2.0,59.49,8.540753,68.28,31.95,tyler
2019-11-24 18:49:44,-65.0,1.0,-7.0,6.43,8.539473,68.2,31.95,tyler
2019-11-24 18:49:45,-64.0,1.0,-7.0,4.74,8.542034,68.13,31.97,tyler
2019-11-24 18:49:46,-64.0,4.0,-8.0,11.37,8.540753,68.06,31.97,tyler
2019-11-24 18:49:47,-63.0,5.0,-5.0,5.96,8.539473,68.03,31.95,tyler
2019-11-24 18:49:48,-64.0,4.0,-1.0,-16.73,8.539473,67.97,31.99,tyler
2019-11-24 18:49:49,-62.0,3.0,2.0,39.46,8.540753,68.0,31.99,tyler
2019-11-24 18:49:50,-64.0,2.0,-7.0,-7.72,8.539473,68.0,31.97,tyler
2019-11-24 18:49:51,-64.0,2.0,-8.0,28.85,8.539473,68.03,31.97,tyler
2019-11-24 18:49:52,-58.0,9.0,-10.0,-3.31,8.540753,68.08,31.99,tyler
2019-11-24 18:49:53,-33.0,-46.0,41.0,-10.13,8.539473,68.15,31.99,tyler
2019-11-24 18:49:54,-4.0,-22.0,15.0,-53.98,8.539473,68.18,31.99,tyler
2019-11-24 18:49:55,-20.0,-45.0,17.0,-74.08,8.540753,68.15,31.97,tyler
2019-11-24 18:49:56,-24.0,-73.0,19.0,35.18,8.543315,68.1,31.99,tyler
2019-11-24 18:49:57,-35.0,-89.0,30.0,-23.11,8.539473,68.05,31.99,tyler
2019-11-24 18:49:58,-28.0,-85.0,26.0,-38.59,8.540753,68.39,31.99,tyler
2019-11-24 18:49:59,-26.0,-61.0,21.0,-26.74,8.539473,68.67,31.99,tyler
2019-11-24 18:50:00,-21.0,-31.0,16.0,-31.81,8.539473,68.96,31.97,tyler
2019-11-24 18:50:01,-10.0,-49.0,26.0,2.38,8.540753,69.57,31.99,tyler
2019-11-24 18:50:02,-21.0,-80.0,20.0,24.73,8.540753,70.19,31.99,tyler
2019-11-24 18:50:03,-19.0,-75.0,11.0,-4.85,8.540753,70.78,32.03,tyler
2019-11-24 18:50:04,-16.0,-34.0,10.0,8.6,8.539473,71.34,31.99,tyler
2019-11-24 18:50:05,-20.0,-68.0,10.0,2.79,8.539473,71.9,32.0,tyler
2019-11-24 18:50:06,-30.0,-71.0,22.0,10.27,8.540753,72.44,32.0,tyler
2019-11-24 18:50:07,-29.0,-99.0,24.0,-13.46,8.543315,73.08,32.0,tyler
2019-11-24 18:50:08,-28.0,-57.0,19.0,-36.54,8.539473,73.69,32.0,tyler
2019-11-24 18:50:09,-22.0,-31.0,18.0,-15.02,8.540753,74.25,31.99,tyler
2019-11-24 18:50:10,-14.0,-52.0,17.0,5.24,8.540753,74.8,32.03,tyler
2019-11-24 18:50:11,-30.0,-64.0,19.0,31.36,8.539473,75.35,32.0,tyler
2019-11-24 18:50:12,-18.0,-28.0,7.0,-8.7,8.540753,75.88,32.0,tyler
2019-11-24 18:50:13,-20.0,-66.0,10.0,-10.24,8.540753,76.39,32.0,tyler
2019-11-24 18:50:14,-29.0,-106.0,21.0,24.54,8.539473,76.88,31.99,tyler
2019-11-24 18:50:15,-30.0,-49.0,15.0,-13.67,8.540753,77.32,32.03,tyler
2019-11-24 18:50:16,-16.0,-46.0,19.0,-21.51,8.540753,78.15,32.03,tyler
2019-11-24 18:50:17,-11.0,-47.0,23.0,3.32,8.539473,78.5,32.03,tyler
2019-11-24 18:50:18,-22.0,-85.0,17.0,31.59,8.543315,78.8,32.0,tyler
2019-11-24 18:50:19,-24.0,-32.0,2.0,4.14,8.540753,79.08,32.03,tyler
2019-11-24 18:50:20,-15.0,-64.0,-14.0,3.47,8.539473,79.67,32.0,tyler
2019-11-24 18:50:21,-15.0,-41.0,14.0,-1.37,8.540753,80.22,32.03,tyler
2019-11-24 18:50:22,-22.0,-75.0,33.0,-17.6,8.540753,80.78,32.03,tyler
2019-11-24 18:50:23,-40.0,-66.0,46.0,15.27,8.539473,81.38,32.03,tyler
2019-11-24 18:50:24,-30.0,-71.0,26.0,18.21,8.542034,82.0,32.0,tyler
2019-11-24 18:50:25,-35.0,-91.0,42.0,1.15,8.540753,82.55,32.03,tyler
2019-11-24 18:50:26,-38.0,-70.0,17.0,6.6,8.539473,83.2,32.0,tyler
2019-11-24 18:50:27,-23.0,-38.0,12.0,-26.48,8.540753,83.87,32.0,tyler
2019-11-24 18:50:28,-24.0,-58.0,13.0,4.71,8.539473,84.5,32.03,tyler
2019-11-24 18:50:29,-12.0,-41.0,7.0,-4.69,8.542034,85.15,32.03,tyler
2019-11-24 18:50:30,-5.0,-36.0,16.0,35.92,8.540753,85.87,32.05,tyler
2019-11-24 18:50:31,-6.0,-34.0,13.0,14.97,8.540753,86.18,32.0,tyler
2019-11-24 18:50:32,-6.0,-36.0,9.0,14.65,8.539473,86.52,32.03,tyler
2019-11-24 18:50:33,-13.0,-36.0,6.0,33.69,8.540753,87.08,32.05,tyler
2019-11-24 18:50:34,-11.0,-37.0,7.0,44.84,8.539473,87.5,32.03,tyler
2019-11-24 18:50:35,-9.0,-30.0,8.0,45.03,8.542034,88.05,32.03,tyler
2019-11-24 18:50:36,-18.0,-66.0,12.0,37.39,8.540753,88.55,32.03,tyler
2019-11-24 18:50:37,-10.0,-34.0,8.0,-4.08,8.540753,88.9,32.03,tyler
2019-11-24 18:50:38,-8.0,-27.0,10.0,39.51,8.539473,89.18,32.03,tyler
2019-11-24 18:50:39,-6.0,-33.0,10.0,1.89,8.540753,89.27,32.0,tyler
2019-11-24 18:50:40,-12.0,-21.0,7.0,33.01,8.543315,89.35,32.05,tyler
2019-11-24 18:50:41,-9.0,-29.0,8.0,9.08,8.539473,89.3,32.03,tyler
2019-11-24 18:50:42,-9.0,-32.0,8.0,30.97,8.540753,89.33,32.03,tyler
2019-11-24 18:50:43,-8.0,-30.0,9.0,8.57,8.540753,89.37,32.03,tyler
2019-11-24 18:50:44,-7.0,-39.0,9.0,26.06,8.539473,89.4,32.0,tyler
2019-11-24 18:50:45,-37.0,-49.0,11.0,21.07,8.540753,89.52,32.0,tyler
2019-11-24 18:50:46,-15.0,-73.0,-2.0,13.5,8.539473,89.55,32.0,tyler
2019-11-24 18:50:47,-25.0,-50.0,11.0,20.1,8.690598,89.58,32.0,tyler
2019-11-24 18:50:48,-11.0,-31.0,10.0,10.72,8.896792,89.63,32.0,tyler
2019-11-24 18:50:49,-15.0,-59.0,10.0,0.79,8.83916,89.7,32.0,tyler
2019-11-24 18:50:50,-25.0,-89.0,21.0,28.81,8.743106,89.78,32.0,tyler
2019-11-24 18:50:51,-27.0,-64.0,18.0,-34.13,8.755914,89.92,32.0,tyler
2019-11-24 18:50:52,-19.0,-34.0,16.0,-17.74,9.19904,90.4,31.99,tyler
2019-11-24 18:50:53,-11.0,-49.0,17.0,-7.75,9.510254,90.87,31.99,tyler
2019-11-24 18:50:54,-20.0,-64.0,24.0,10.35,9.704246,91.33,32.0,tyler
2019-11-24 18:50:55,-25.0,-78.0,11.0,10.65,10.180664,91.93,31.99,tyler
2019-11-24 18:50:56,-17.0,-36.0,2.0,10.36,10.348437,92.62,31.97,tyler
2019-11-24 18:50:57,-19.0,-54.0,14.0,10.86,10.339472,93.28,31.99,tyler
2019-11-24 18:50:58,-26.0,-93.0,20.0,9.9,10.292086,93.65,31.97,tyler
2019-11-24 18:50:59,-21.0,-38.0,14.0,-18.99,10.564878,94.05,31.97,tyler
2019-11-24 18:51:00,-16.0,-46.0,16.0,-14.74,11.050572,94.42,31.99,tyler
2019-11-24 18:51:01,-13.0,-48.0,16.0,3.03,11.526216,94.52,31.95,tyler
2019-11-24 18:51:02,-19.0,-92.0,8.0,34.76,11.717422,94.58,31.97,tyler
2019-11-24 18:51:03,-11.0,-87.0,2.0,5.45,11.737914,94.67,31.97,tyler
2019-11-24 18:51:04,-25.0,-30.0,4.0,16.42,11.794266,94.75,31.97,tyler
2019-11-24 18:51:05,-26.0,-101.0,15.0,1.95,12.286439,94.82,31.97,tyler
2019-11-24 18:51:06,-22.0,-28.0,6.0,-8.46,12.539613,94.9,31.93,tyler
2019-11-24 18:51:07,-7.0,-49.0,16.0,-11.58,12.756053,94.88,31.95,tyler
2019-11-24 18:51:08,-21.0,-86.0,15.0,18.5,12.686894,94.87,31.95,tyler
2019-11-24 18:51:09,-29.0,-89.0,16.0,9.31,12.657438,94.85,31.95,tyler
2019-11-24 18:51:10,-14.0,-47.0,3.0,23.84,12.733001,94.8,31.93,tyler
2019-11-24 18:51:11,-12.0,-46.0,5.0,14.43,12.858511,94.73,31.95,tyler
2019-11-24 18:51:12,-35.0,-108.0,20.0,-8.07,13.087018,94.67,31.93,tyler
2019-11-24 18:51:13,-30.0,-46.0,3.0,-13.5,13.375178,94.6,31.93,tyler
2019-11-24 18:51:14,-7.0,-66.0,16.0,-43.27,13.165141,94.55,31.91,tyler
2019-11-24 18:51:15,-21.0,-32.0,12.0,9.64,13.185633,94.53,31.93,tyler
2019-11-24 18:51:16,-19.0,-47.0,11.0,4.3,13.011456,94.52,31.93,tyler
2019-11-24 18:51:17,-20.0,-64.0,9.0,17.16,12.686154,94.53,31.91,tyler
2019-11-24 18:51:18,-22.0,-108.0,15.0,-12.03,12.577293,94.57,31.91,tyler
2019-11-24 18:51:19,-28.0,-93.0,10.0,-35.37,12.577293,94.63,31.91,tyler
2019-11-24 18:51:20,-17.0,-43.0,14.0,-55.36,12.577293,94.72,31.89,tyler
2019-11-24 18:51:21,-27.0,-39.0,8.0,-80.3,12.578574,94.82,31.91,tyler
2019-11-24 18:51:22,-16.0,-50.0,17.0,-13.7,12.578574,94.93,31.91,tyler
2019-11-24 18:51:23,-48.0,-101.0,44.0,-1.33,12.577293,95.08,31.91,tyler
2019-11-24 18:51:24,-41.0,-96.0,22.0,17.55,12.579855,95.3,31.93,tyler
2019-11-24 18:51:25,-39.0,-115.0,20.0,2.56,12.578574,95.5,31.89,tyler
2019-11-24 18:51:26,-51.0,-81.0,38.0,-1.65,12.577293,95.67,31.89,tyler
2019-11-24 18:51:27,-37.0,-63.0,32.0,4.54,12.578574,95.88,31.91,tyler
2019-11-24 18:51:28,-40.0,-71.0,44.0,2.84,12.578574,96.1,31.89,tyler
2019-11-24 18:51:29,-37.0,-72.0,48.0,14.35,12.577293,96.33,31.87,tyler
2019-11-24 18:51:30,-33.0,-61.0,22.0,-2.76,12.578574,96.57,31.89,tyler
2019-11-24 18:51:31,-11.0,-30.0,7.0,-18.31,12.577293,96.87,31.89,tyler
2019-11-24 18:51:32,-10.0,-31.0,10.0,29.4,12.578574,97.23,31.87,tyler
2019-11-24 18:51:33,-8.0,-31.0,8.0,-3.65,12.577293,97.58,31.87,tyler
2019-11-24 18:51:34,-12.0,-28.0,4.0,-0.23,12.577293,98.12,31.89,tyler
2019-11-24 18:51:35,-14.0,-32.0,7.0,7.38,12.579855,98.6,31.87,tyler
2019-11-24 18:51:36,-17.0,-48.0,11.0,16.37,12.578574,99.05,31.87,tyler
2019-11-24 18:51:37,-33.0,-96.0,7.0,15.47,12.578574,99.57,31.87,tyler
2019-11-24 18:51:38,-24.0,-81.0,6.0,15.13,12.578574,100.13,31.89,tyler
2019-11-24 18:51:39,-28.0,-39.0,5.0,-58.89,12.577293,100.88,31.87,tyler
2019-11-24 18:51:40,-19.0,-45.0,12.0,-48.82,12.578574,101.72,31.85,tyler
2019-11-24 18:51:41,-14.0,-57.0,16.0,4.08,12.578574,102.6,31.87,tyler
2019-11-24 18:51:42,-16.0,-66.0,6.0,24.92,12.577293,103.45,31.83,tyler
2019-11-24 18:51:43,-14.0,-37.0,6.0,10.89,12.578574,104.33,31.85,tyler
2019-11-24 18:51:44,-11.0,-68.0,6.0,-13.53,12.577293,105.23,31.85,tyler
2019-11-24 18:51:45,-23.0,-89.0,21.0,2.48,12.578574,106.08,31.85,tyler
2019-11-24 18:51:46,-29.0,-61.0,12.0,-9.39,12.578574,107.05,31.87,tyler
2019-11-24 18:51:47,-15.0,-26.0,11.0,-15.1,12.578574,108.02,31.85,tyler
2019-11-24 18:51:48,-13.0,-49.0,18.0,-13.92,12.578574,109.02,31.85,tyler
2019-11-24 18:51:49,-20.0,-96.0,8.0,20.49,12.605469,109.92,31.83,tyler
2019-11-24 18:51:50,-20.0,-50.0,0.0,15.89,12.967912,110.83,31.83,tyler
2019-11-24 18:51:51,-10.0,-66.0,7.0,27.89,13.450741,111.72,31.85,tyler
2019-11-24 18:51:52,-23.0,-56.0,17.0,26.57,13.757455,112.25,31.83,tyler
2019-11-24 18:51:53,-16.0,-39.0,12.0,-18.47,14.046897,112.78,31.83,tyler
2019-11-24 18:51:54,-13.0,-52.0,20.0,-21.0,14.129509,113.37,31.81,tyler
2019-11-24 18:51:55,-19.0,-100.0,8.0,23.75,14.270388,113.87,31.81,tyler
2019-11-24 18:51:56,-15.0,-65.0,-1.0,28.17,14.609246,114.3,31.81,tyler
2019-11-24 18:51:57,-15.0,-32.0,6.0,6.74,14.892283,114.75,31.81,tyler
2019-11-24 18:51:58,-11.0,-68.0,8.0,-6.93,15.372464,115.25,31.81,tyler
2019-11-24 18:51:59,-22.0,-108.0,16.0,23.12,15.426254,115.75,31.81,tyler
2019-11-24 18:52:00,-18.0,-27.0,7.0,-25.39,15.672247,116.27,31.79,tyler
2019-11-24 18:52:01,-26.0,-92.0,21.0,-26.77,15.87588,116.8,31.81,tyler
2019-11-24 18:52:02,-17.0,-41.0,1.0,2.35,16.021366,117.33,31.79,tyler
2019-11-24 18:52:03,-13.0,-45.0,5.0,5.34,16.067471,117.85,31.79,tyler
2019-11-24 18:52:04,-23.0,-67.0,9.0,-25.71,16.089243,118.37,31.79,tyler
2019-11-24 18:52:05,-16.0,-90.0,19.0,-3.8,16.180174,118.9,31.77,tyler
2019-11-24 18:52:06,-27.0,-36.0,7.0,-26.72,16.351789,119.43,31.79,tyler
2019-11-24 18:52:07,-9.0,-55.0,18.0,0.29,16.533651,119.98,31.77,tyler
2019-11-24 18:52:08,-41.0,-80.0,16.0,9.78,16.545954,120.53,31.79,tyler
2019-11-24 18:52:09,-17.0,-61.0,-11.0,20.56,16.796974,121.1,31.79,tyler
2019-11-24 18:52:10,-18.0,-52.0,15.0,4.36,16.757271,121.72,31.79,tyler
2019-11-24 18:52:11,-36.0,-84.0,32.0,13.34,16.755991,122.38,31.77,tyler
2019-11-24 18:52:12,-48.0,-71.0,38.0,-19.12,17.11183,123.03,31.79,tyler
2019-11-24 18:52:13,-48.0,-90.0,33.0,23.8,17.356453,123.68,31.79,tyler
2019-11-24 18:52:14,-25.0,-38.0,10.0,-2.31,17.438419,124.33,31.79,tyler
2019-11-24 18:52:15,-17.0,-44.0,7.0,42.76,17.42177,124.95,31.77,tyler
2019-11-24 18:52:16,-15.0,-41.0,10.0,40.6,17.371822,125.55,31.77,tyler
2019-11-24 18:52:17,-20.0,-61.0,12.0,43.55,17.145136,126.2,31.79,tyler
2019-11-24 18:52:18,-13.0,-45.0,6.0,1.18,17.35133,126.82,31.79,tyler
2019-11-24 18:52:19,-25.0,-51.0,14.0,38.78,17.452507,127.43,31.79,tyler
2019-11-24 18:52:20,-23.0,-35.0,7.0,-25.46,17.538315,128.0,31.79,tyler
2019-11-24 18:52:21,-21.0,-43.0,14.0,-8.96,17.528069,128.58,31.77,tyler
2019-11-24 18:52:22,-22.0,-51.0,13.0,4.55,17.467876,129.12,31.79,tyler
2019-11-24 18:52:23,-25.0,-32.0,6.0,2.77,17.56649,129.62,31.79,tyler
2019-11-24 18:52:24,-20.0,-31.0,7.0,1.3,17.310349,130.05,31.79,tyler
2019-11-24 18:52:25,-23.0,-40.0,6.0,21.14,17.174593,130.55,31.77,tyler
2019-11-24 18:52:26,-20.0,-76.0,8.0,16.53,17.111837,131.05,31.77,tyler
2019-11-24 18:52:27,-24.0,-128.0,-1.0,-0.84,17.110556,131.57,31.79,tyler
2019-11-24 18:52:28,-17.0,-128.0,12.0,-71.12,17.111837,132.02,31.79,tyler
2019-11-24 18:52:29,-14.0,-114.0,12.0,-50.35,17.110556,132.52,31.79,tyler
2019-11-24 18:52:30,-27.0,-128.0,12.0,-69.83,17.114399,132.93,31.79,tyler
2019-11-24 18:52:31,-21.0,-104.0,12.0,-65.71,17.110556,133.32,31.79,tyler
2019-11-24 18:52:32,-19.0,-76.0,13.0,-50.46,17.110556,133.38,31.79,tyler
2019-11-24 18:52:33,-28.0,-62.0,18.0,-31.5,17.111837,133.43,31.79,tyler
2019-11-24 18:52:34,-24.0,-61.0,14.0,-55.2,17.110556,133.45,31.81,tyler
2019-11-24 18:52:35,-16.0,-62.0,0.0,-7.39,17.111837,133.42,31.79,tyler
2019-11-24 18:52:36,-20.0,-64.0,-2.0,-18.5,17.113117,133.38,31.81,tyler
2019-11-24 18:52:37,-13.0,-43.0,15.0,11.5,17.111837,133.37,31.83,tyler
2019-11-24 18:52:38,-14.0,-49.0,19.0,-12.64,17.110556,133.38,31.81,tyler
2019-11-24 18:52:39,-28.0,-83.0,12.0,8.54,17.111837,133.42,31.81,tyler
2019-11-24 18:52:40,-19.0,-92.0,8.0,13.02,17.110556,133.4,31.81,tyler
2019-11-24 18:52:41,-15.0,-60.0,1.0,39.6,17.114399,133.5,31.81,tyler
2019-11-24 18:52:42,-15.0,-34.0,2.0,31.79,17.111837,133.65,31.81,tyler
2019-11-24 18:52:43,-14.0,-36.0,6.0,36.33,17.110556,133.8,31.81,tyler
2019-11-24 18:52:44,-11.0,-58.0,7.0,9.88,17.111837,133.92,31.81,tyler
2019-11-24 18:52:45,-19.0,-57.0,19.0,6.54,17.114399,134.03,31.81,tyler
2019-11-24 18:52:46,-25.0,-66.0,17.0,-16.33,17.1541,134.12,31.83,tyler
2019-11-24 18:52:47,-23.0,-69.0,27.0,-37.06,17.376945,134.18,31.81,tyler
2019-11-24 18:52:48,-14.0,-49.0,3.0,1.19,17.734264,134.23,31.83,tyler
2019-11-24 18:52:49,-12.0,-41.0,7.0,34.96,17.939178,134.3,31.83,tyler
2019-11-24 18:52:50,-15.0,-72.0,6.0,6.59,18.008337,134.4,31.81,tyler
2019-11-24 18:52:51,-30.0,-107.0,16.0,23.11,18.090643,134.45,31.83,tyler
2019-11-24 18:52:52,-25.0,-75.0,18.0,-36.33,18.268663,134.52,31.83,tyler
2019-11-24 18:52:53,-28.0,-44.0,12.0,-36.21,18.676611,134.58,31.81,tyler
2019-11-24 18:52:54,-13.0,-42.0,13.0,-9.25,19.058264,134.63,31.83,tyler
2019-11-24 18:52:55,-17.0,-56.0,25.0,-19.99,19.317501,134.67,31.81,tyler
2019-11-24 18:52:56,-19.0,-55.0,5.0,0.28,19.44301,134.7,31.83,tyler
2019-11-24 18:52:57,-13.0,-40.0,8.0,20.05,19.827307,134.73,31.83,tyler
2019-11-24 18:52:58,-17.0,-72.0,5.0,-20.01,19.849079,134.77,31.83,tyler
2019-11-24 18:52:59,-17.0,-92.0,25.0,-10.48,19.893906,134.82,31.83,tyler
2019-11-24 18:53:00,-22.0,-34.0,11.0,-18.11,20.142658,134.88,31.83,tyler
2019-11-24 18:53:01,-17.0,-40.0,13.0,-18.36,20.168272,134.92,31.85,tyler
2019-11-24 18:53:02,-13.0,-52.0,22.0,-44.35,20.278414,135.0,31.85,tyler
2019-11-24 18:53:03,-23.0,-93.0,21.0,17.62,20.086306,135.1,31.81,tyler
2019-11-24 18:53:04,-25.0,-30.0,0.0,42.89,20.068377,135.2,31.85,tyler
2019-11-24 18:53:05,-13.0,-77.0,-16.0,12.97,19.812233,135.32,31.87,tyler
2019-11-24 18:53:06,-17.0,-29.0,8.0,-2.25,19.617565,135.42,31.83,tyler
2019-11-24 18:53:07,-13.0,-32.0,24.0,20.7,19.616283,135.5,31.85,tyler
2019-11-24 18:53:08,-18.0,-24.0,17.0,54.99,19.617565,135.58,31.83,tyler
2019-11-24 18:53:09,-27.0,-26.0,19.0,60.87,19.617565,135.63,31.83,tyler
2019-11-24 18:53:10,-22.0,-25.0,10.0,91.94,19.616283,135.77,31.85,tyler
2019-11-24 18:53:11,-28.0,-48.0,15.0,61.14,19.616283,135.8,31.83,tyler
2019-11-24 18:53:12,-18.0,-46.0,13.0,106.68,19.616283,136.13,31.83,tyler
2019-11-24 18:53:13,-12.0,-43.0,11.0,82.11,19.616283,136.78,31.85,tyler
2019-11-24 18:53:14,-25.0,-36.0,9.0,36.98,19.618845,137.43,31.85,tyler
2019-11-24 18:53:15,-16.0,-31.0,6.0,31.11,19.616283,137.07,31.85,tyler
2019-11-24 18:53:16,-7.0,-27.0,10.0,25.69,19.617565,136.65,31.85,tyler
2019-11-24 18:53:17,-7.0,-32.0,7.0,16.08,19.616283,136.15,31.85,tyler
2019-11-24 18:53:18,-11.0,-31.0,10.0,21.12,19.617565,135.68,31.87,tyler
2019-11-24 18:53:19,-8.0,-39.0,8.0,40.98,19.616283,135.2,31.85,tyler
2019-11-24 18:53:20,-8.0,-29.0,8.0,41.21,19.616283,134.73,31.85,tyler
2019-11-24 18:53:21,-9.0,-29.0,7.0,31.59,19.616283,134.25,31.85,tyler
2019-11-24 18:53:22,-16.0,-55.0,5.0,-35.63,19.616283,133.82,31.85,tyler
2019-11-24 18:53:23,-14.0,-108.0,10.0,20.62,19.616283,133.43,31.85,tyler
2019-11-24 18:53:24,-22.0,-87.0,7.0,-44.46,19.617565,133.1,31.87,tyler
2019-11-24 18:53:25,-19.0,-102.0,13.0,-67.5,19.617565,132.68,31.87,tyler
2019-11-24 18:53:26,-19.0,-80.0,15.0,-28.03,19.616283,132.28,31.87,tyler
2019-11-24 18:53:27,-16.0,-90.0,9.0,-40.55,19.616283,131.87,31.87,tyler
2019-11-24 18:53:28,-17.0,-73.0,18.0,-36.45,19.617565,131.5,31.87,tyler
2019-11-24 18:53:29,-29.0,-70.0,13.0,-11.59,19.616283,131.07,31.85,tyler
2019-11-24 18:53:30,-31.0,-44.0,4.0,-3.81,19.617565,130.68,31.87,tyler
2019-11-24 18:53:31,-14.0,-60.0,-13.0,-6.2,19.617565,130.33,31.87,tyler
2019-11-24 18:53:32,-15.0,-58.0,3.0,-7.19,19.616283,130.27,31.87,tyler
2019-11-24 18:53:33,-23.0,-83.0,16.0,-17.69,19.616283,130.2,31.85,tyler
2019-11-24 18:53:34,-21.0,-99.0,18.0,-6.7,19.617565,130.2,31.87,tyler
2019-11-24 18:53:35,-32.0,-43.0,15.0,-14.51,19.616283,130.43,31.87,tyler
2019-11-24 18:53:36,-21.0,-33.0,12.0,12.64,19.641899,130.65,31.85,tyler
2019-11-24 18:53:37,-14.0,-58.0,17.0,-66.33,19.848093,130.87,31.85,tyler
2019-11-24 18:53:38,-20.0,-70.0,20.0,0.74,19.867304,131.05,31.85,tyler
2019-11-24 18:53:39,-18.0,-90.0,11.0,26.02,19.939024,131.25,31.87,tyler
2019-11-24 18:53:40,-16.0,-50.0,4.0,53.94,20.220781,131.42,31.87,tyler
2019-11-24 18:53:41,-10.0,-57.0,9.0,24.19,20.496134,131.52,31.85,tyler
2019-11-24 18:53:42,-20.0,-66.0,17.0,-12.46,20.570999,131.62,31.85,tyler
2019-11-24 18:53:43,-17.0,-32.0,11.0,5.07,20.752861,131.7,31.87,tyler
2019-11-24 18:53:44,-13.0,-45.0,17.0,-57.71,20.852757,131.82,31.89,tyler
2019-11-24 18:53:45,-20.0,-93.0,9.0,-4.33,20.766949,131.9,31.87,tyler
2019-11-24 18:53:46,-15.0,-88.0,4.0,41.89,21.007162,132.0,31.87,tyler
2019-11-24 18:53:47,-16.0,-39.0,5.0,50.84,21.030214,132.1,31.87,tyler
2019-11-24 18:53:48,-14.0,-44.0,5.0,32.31,20.702353,132.2,31.87,tyler
2019-11-24 18:53:49,-16.0,-73.0,4.0,-3.53,20.955933,132.32,31.87,tyler
2019-11-24 18:53:50,-15.0,-48.0,11.0,-29.76,20.986671,132.4,31.87,tyler
2019-11-24 18:53:51,-5.0,-56.0,11.0,0.85,21.123707,132.48,31.87,tyler
2019-11-24 18:53:52,-11.0,-87.0,-1.0,-21.86,21.017408,132.58,31.87,tyler
2019-11-24 18:53:53,-15.0,-36.0,5.0,51.92,21.062233,132.68,31.87,tyler
2019-11-24 18:53:54,-15.0,-74.0,5.0,-11.0,20.934162,132.8,31.85,tyler
2019-11-24 18:53:55,-23.0,-106.0,16.0,-27.64,20.712597,132.93,31.87,tyler
2019-11-24 18:53:56,-25.0,-58.0,11.0,-4.03,20.735651,133.05,31.89,tyler
2019-11-24 18:53:57,-15.0,-41.0,10.0,-25.53,20.740774,133.15,31.87,tyler
2019-11-24 18:53:58,-44.0,-82.0,15.0,-78.28,20.621668,133.25,31.89,tyler
2019-11-24 18:53:59,-19.0,-59.0,-12.0,58.96,20.620386,133.32,31.87,tyler
2019-11-24 18:54:00,-16.0,-54.0,11.0,5.1,20.619106,133.38,31.87,tyler
2019-11-24 18:54:01,-15.0,-20.0,19.0,7.8,20.620386,133.48,31.87,tyler
2019-11-24 18:54:02,-23.0,-24.0,8.0,-37.22,20.619106,133.57,31.87,tyler
2019-11-24 18:54:03,-35.0,-47.0,8.0,-81.9,20.620386,133.62,31.87,tyler
2019-11-24 18:54:04,-27.0,-50.0,12.0,-101.19,20.620386,133.7,31.89,tyler
2019-11-24 18:54:05,-23.0,-72.0,7.0,-115.34,20.620386,133.75,31.89,tyler
2019-11-24 18:54:06,-24.0,-104.0,7.0,-112.55,20.619106,133.78,31.85,tyler
2019-11-24 18:54:07,-41.0,-128.0,2.0,-93.23,20.620386,133.83,31.89,tyler
2019-11-24 18:54:08,-24.0,-34.0,13.0,-75.68,20.619106,133.87,31.89,tyler
2019-11-24 18:54:09,-15.0,-20.0,24.0,5.56,20.621668,133.95,31.85,tyler
2019-11-24 18:54:10,-17.0,-23.0,20.0,-15.72,20.619106,133.92,31.89,tyler
2019-11-24 18:54:11,-28.0,-28.0,12.0,20.7,20.620386,133.95,31.89,tyler
2019-11-24 18:54:12,-26.0,-30.0,15.0,-34.39,20.619106,133.68,31.89,tyler
2019-11-24 18:54:13,-26.0,-35.0,13.0,-31.18,20.620386,133.1,31.91,tyler
2019-11-24 18:54:14,-31.0,-32.0,10.0,-51.96,20.620386,132.5,31.91,tyler
2019-11-24 18:54:15,-41.0,-67.0,10.0,-25.45,20.620386,132.92,31.91,tyler
2019-11-24 18:54:16,-14.0,-50.0,12.0,-54.32,20.620386,133.4,31.91,tyler
2019-11-24 18:54:17,-61.0,-84.0,12.0,-19.35,20.619106,133.92,31.89,tyler
2019-11-24 18:54:18,-42.0,-110.0,24.0,77.9,20.620386,134.4,31.93,tyler
2019-11-24 18:54:19,-46.0,-80.0,24.0,8.44,20.619106,134.88,31.93,tyler
2019-11-24 18:54:20,-36.0,-77.0,28.0,-6.71,20.621668,135.37,31.91,tyler
2019-11-24 18:54:21,-33.0,-70.0,21.0,43.21,20.619106,135.83,31.93,tyler
2019-11-24 18:54:22,-22.0,-50.0,15.0,21.61,20.620386,136.25,31.93,tyler
2019-11-24 18:54:23,-25.0,-34.0,12.0,5.45,20.619106,136.62,31.91,tyler
2019-11-24 18:54:24,-29.0,-43.0,24.0,-80.15,20.619106,136.93,31.91,tyler
2019-11-24 18:54:25,-29.0,-49.0,6.0,-6.08,20.619106,137.28,31.95,tyler
2019-11-24 18:54:26,-18.0,-57.0,17.0,-18.14,20.619106,137.62,31.91,tyler
2019-11-24 18:54:27,-25.0,-79.0,14.0,-24.39,20.619106,137.95,31.95,tyler
2019-11-24 18:54:28,-19.0,-94.0,9.0,3.32,20.620386,138.3,31.93,tyler
2019-11-24 18:54:29,-16.0,-90.0,8.0,63.85,20.619106,138.62,31.93,tyler
2019-11-24 18:54:30,-14.0,-80.0,0.0,40.56,20.620386,138.93,31.95,tyler
2019-11-24 18:54:31,-15.0,-46.0,0.0,46.25,20.620386,139.23,31.93,tyler
2019-11-24 18:54:32,-16.0,-38.0,4.0,-2.34,20.619106,139.45,31.95,tyler
2019-11-24 18:54:33,-13.0,-37.0,5.0,42.91,20.620386,139.67,31.95,tyler
2019-11-24 18:54:34,-9.0,-66.0,6.0,11.36,20.620386,139.83,31.93,tyler
2019-11-24 18:54:35,-22.0,-111.0,21.0,-11.59,20.620386,139.82,31.95,tyler
2019-11-24 18:54:36,-22.0,-36.0,8.0,-38.63,20.619106,139.82,31.95,tyler
2019-11-24 18:54:37,-11.0,-46.0,15.0,-4.99,20.619106,139.83,31.93,tyler
2019-11-24 18:54:38,-28.0,-64.0,30.0,-52.44,20.619106,139.87,31.93,tyler
2019-11-24 18:54:39,-16.0,-97.0,12.0,-24.93,20.619106,139.9,31.95,tyler
2019-11-24 18:54:40,-14.0,-83.0,0.0,66.83,20.619106,139.95,31.95,tyler
2019-11-24 18:54:41,-17.0,-46.0,1.0,52.15,20.620386,140.03,31.95,tyler
2019-11-24 18:54:42,-13.0,-35.0,4.0,46.19,20.621668,140.08,31.95,tyler
2019-11-24 18:54:43,-11.0,-77.0,7.0,28.83,20.620386,140.17,31.95,tyler
2019-11-24 18:54:44,-20.0,-57.0,20.0,-46.62,20.619106,140.23,31.95,tyler
2019-11-24 18:54:45,-11.0,-42.0,14.0,41.09,20.749739,140.3,31.95,tyler
2019-11-24 18:54:46,-18.0,-48.0,21.0,29.05,20.761265,140.35,31.95,tyler
2019-11-24 18:54:47,-19.0,-90.0,15.0,-32.65,20.620386,140.42,31.95,tyler
2019-11-24 18:54:48,-19.0,-55.0,1.0,75.78,20.76895,140.48,31.95,tyler
2019-11-24 18:54:49,-16.0,-32.0,4.0,21.94,20.721563,140.55,31.93,tyler
2019-11-24 18:54:50,-11.0,-77.0,8.0,25.53,20.733089,140.63,31.97,tyler
2019-11-24 18:54:51,-18.0,-109.0,20.0,-53.16,20.621668,140.75,31.97,tyler
2019-11-24 18:54:52,-22.0,-48.0,5.0,10.65,20.688265,140.82,31.95,tyler
2019-11-24 18:54:53,-3.0,-68.0,8.0,-55.43,20.78944,140.88,31.97,tyler
2019-11-24 18:54:54,-29.0,-39.0,8.0,67.11,20.815056,140.98,31.97,tyler
2019-11-24 18:54:55,-26.0,-30.0,12.0,59.58,20.945688,141.07,31.95,tyler
2019-11-24 18:54:56,-46.0,-56.0,14.0,136.11,21.180058,141.17,31.93,tyler
2019-11-24 18:54:57,-21.0,-43.0,15.0,94.37,21.223602,141.28,31.97,tyler
2019-11-24 18:54:58,-40.0,-47.0,14.0,125.66,21.472942,141.37,31.97,tyler
2019-11-24 18:54:59,-30.0,-54.0,13.0,105.19,21.392258,141.47,31.97,tyler
2019-11-24 18:55:00,-26.0,-65.0,14.0,106.18,21.209116,141.57,31.97,tyler
2019-11-24 18:55:01,-12.0,-38.0,6.0,76.48,21.216799,141.67,31.97,tyler
2019-11-24 18:55:02,-13.0,-25.0,8.0,106.34,21.503679,141.73,31.97,tyler
2019-11-24 18:55:03,-12.0,-28.0,12.0,5.14,21.634312,141.8,31.97,tyler
2019-11-24 18:55:04,-10.0,-22.0,8.0,9.3,21.735489,141.85,31.97,tyler
2019-11-24 18:55:05,-9.0,-32.0,10.0,38.34,21.686821,141.88,31.97,tyler
2019-11-24 18:55:06,-7.0,-34.0,8.0,-4.21,21.708593,141.93,32.0,tyler
2019-11-24 18:55:07,-5.0,-31.0,10.0,120.34,21.333344,141.97,31.99,tyler
2019-11-24 18:55:08,-7.0,-43.0,10.0,124.94,21.186062,141.98,31.99,tyler
2019-11-24 18:55:09,-13.0,-48.0,7.0,107.85,21.122026,141.95,32.0,tyler
2019-11-24 18:55:10,-20.0,-65.0,17.0,53.81,21.122026,141.95,32.0,tyler
2019-11-24 18:55:11,-17.0,-34.0,8.0,-19.01,21.122026,141.92,31.99,tyler
2019-11-24 18:55:12,-16.0,-29.0,9.0,23.7,21.122026,141.9,32.0,tyler
2019-11-24 18:55:13,-14.0,-29.0,6.0,43.87,21.122026,141.85,32.03,tyler
2019-11-24 18:55:14,-7.0,-30.0,9.0,5.82,21.179659,141.8,32.0,tyler
2019-11-24 18:55:15,-15.0,-36.0,9.0,46.47,21.21936,141.77,32.0,tyler
2019-11-24 18:55:16,-13.0,-28.0,10.0,75.75,21.328222,141.72,32.0,tyler
2019-11-24 18:55:17,-17.0,-22.0,12.0,-36.86,21.562592,141.67,32.0,tyler
2019-11-24 18:55:18,-12.0,-63.0,-15.0,25.69,21.476784,141.63,32.03,tyler
2019-11-24 18:55:19,-16.0,-69.0,5.0,38.19,21.912228,141.58,32.03,tyler
2019-11-24 18:55:20,-21.0,-70.0,10.0,-39.79,22.09409,141.55,32.03,tyler
2019-11-24 18:55:21,-24.0,-85.0,19.0,-57.61,22.301805,141.5,32.03,tyler
2019-11-24 18:55:22,-24.0,-105.0,17.0,-18.91,22.321016,141.48,32.03,tyler
2019-11-24 18:55:23,-33.0,-78.0,16.0,-43.37,22.324858,141.47,32.03,tyler
2019-11-24 18:55:24,-26.0,-57.0,12.0,-49.04,22.368402,141.47,32.03,tyler
2019-11-24 18:55:25,-18.0,-32.0,11.0,39.01,22.388893,141.47,32.03,tyler
2019-11-24 18:55:26,-21.0,-32.0,10.0,-11.57,22.379929,141.48,32.05,tyler
2019-11-24 18:55:27,-14.0,-58.0,21.0,-46.08,22.176294,141.5,32.05,tyler
2019-11-24 18:55:28,-21.0,-46.0,7.0,-3.74,22.026451,141.53,32.03,tyler
2019-11-24 18:55:29,-12.0,-47.0,4.0,51.93,22.236488,141.58,32.05,tyler
2019-11-24 18:55:30,-13.0,-61.0,7.0,-40.61,22.414507,141.65,32.05,tyler
2019-11-24 18:55:31,-18.0,-70.0,6.0,7.28,22.56179,141.72,32.05,tyler
2019-11-24 18:55:32,-25.0,-102.0,21.0,-58.46,22.692581,141.8,32.05,tyler
2019-11-24 18:55:33,-19.0,-96.0,20.0,-35.24,22.882126,141.88,32.03,tyler
2019-11-24 18:55:34,-30.0,-68.0,14.0,-41.51,23.328522,142.0,32.03,tyler
2019-11-24 18:55:35,-23.0,-41.0,12.0,-37.53,23.649446,142.12,32.05,tyler
2019-11-24 18:55:36,-14.0,-43.0,19.0,37.69,24.004204,142.25,32.03,tyler
2019-11-24 18:55:37,-4.0,-90.0,8.0,-73.56,23.79801,142.4,32.05,tyler
2019-11-24 18:55:38,-12.0,-79.0,-3.0,74.23,23.776237,142.57,32.03,tyler
2019-11-24 18:55:39,-17.0,-38.0,4.0,34.43,23.885098,142.72,32.03,tyler
2019-11-24 18:55:40,-14.0,-44.0,4.0,71.02,23.764711,142.87,32.05,tyler
2019-11-24 18:55:41,-16.0,-67.0,5.0,-8.07,23.990116,142.98,32.05,tyler
2019-11-24 18:55:42,-18.0,-61.0,19.0,18.57,24.029819,143.13,32.03,tyler
2019-11-24 18:55:43,-22.0,-91.0,28.0,-81.63,24.150227,143.25,32.05,tyler
2019-11-24 18:55:44,-22.0,-45.0,6.0,-18.97,24.195051,143.38,32.03,tyler
2019-11-24 18:55:45,1.0,-68.0,18.0,-53.29,24.164314,143.52,32.05,tyler
2019-11-24 18:55:46,-17.0,-37.0,12.0,75.61,24.344894,143.67,32.03,tyler
2019-11-24 18:55:47,-19.0,-96.0,13.0,-7.42,24.303913,143.82,32.05,tyler
2019-11-24 18:55:48,-25.0,-128.0,7.0,-5.56,24.461866,143.95,32.03,tyler
2019-11-24 18:55:49,-31.0,-90.0,10.0,-16.34,24.618113,144.12,32.0,tyler
2019-11-24 18:55:50,-17.0,-37.0,8.0,-71.9,24.700079,144.25,32.05,tyler
2019-11-24 18:55:51,-30.0,-41.0,9.0,3.28,24.57457,144.38,32.05,tyler
2019-11-24 18:55:52,-18.0,-34.0,14.0,-63.05,24.46699,144.53,32.07,tyler
2019-11-24 18:55:53,-19.0,-47.0,16.0,-2.31,24.354286,144.68,32.07,tyler
2019-11-24 18:55:54,-50.0,-69.0,10.0,-46.2,24.230057,144.78,32.07,tyler
2019-11-24 18:55:55,-25.0,-40.0,10.0,-7.14,24.400393,144.88,32.07,tyler
2019-11-24 18:55:56,-39.0,-57.0,11.0,55.54,24.447779,144.98,32.03,tyler
2019-11-24 18:55:57,-25.0,-43.0,9.0,58.1,24.63092,145.08,32.05,tyler
2019-11-24 18:55:58,-11.0,-27.0,9.0,56.15,24.874256,145.15,32.05,tyler
2019-11-24 18:55:59,-9.0,-39.0,9.0,9.2,25.179283,145.22,32.07,tyler
2019-11-24 18:56:00,-7.0,-37.0,10.0,129.77,25.071703,145.27,32.07,tyler
2019-11-24 18:56:01,-13.0,-70.0,10.0,124.06,25.121651,145.28,32.09,tyler
2019-11-24 18:56:02,-15.0,-39.0,6.0,123.06,25.076826,145.3,32.09,tyler
2019-11-24 18:56:03,-20.0,-23.0,7.0,93.87,25.217705,145.33,32.09,tyler
2019-11-24 18:56:04,-7.0,-27.0,11.0,-36.46,25.134457,145.35,32.09,tyler
2019-11-24 18:56:05,-11.0,-27.0,7.0,72.15,25.061457,145.37,32.09,tyler
2019-11-24 18:56:06,-4.0,-29.0,21.0,4.37,25.058895,145.37,32.09,tyler
2019-11-24 18:56:07,-4.0,-28.0,12.0,112.17,25.197212,145.37,32.11,tyler
2019-11-24 18:56:08,-7.0,-32.0,11.0,55.9,25.044807,145.38,32.09,tyler
2019-11-24 18:56:09,-37.0,-50.0,10.0,150.22,24.810436,145.43,32.09,tyler
2019-11-24 18:56:10,-55.0,-105.0,16.0,111.82,24.748962,145.47,32.09,tyler
2019-11-24 18:56:11,-3.0,-69.0,30.0,35.82,24.777138,145.5,32.07,tyler
2019-11-24 18:56:12,0.0,-12.0,65.0,168.61,25.101158,145.52,32.09,tyler
2019-11-24 18:56:13,-9.0,-10.0,62.0,-90.35,24.649067,145.55,32.09,tyler
2019-11-24 18:56:14,-7.0,-11.0,63.0,-72.69,24.649067,145.58,32.11,tyler
2019-11-24 18:56:15,-8.0,-12.0,62.0,44.76,24.649067,145.6,32.11,tyler
2019-11-24 18:56:16,-7.0,-11.0,61.0,61.0,24.649067,145.63,32.13,tyler
2019-11-24 18:56:17,-53.0,-26.0,19.0,59.33,26.136599,145.65,32.13,tyler
2019-11-24 18:56:18,-48.0,-26.0,27.0,-7.14,27.099529,145.68,32.13,tyler
2019-11-24 18:56:19,-48.0,-28.0,32.0,32.62,27.40518,145.73,32.13,tyler
2019-11-24 18:56:20,-45.0,-27.0,34.0,28.52,27.584478,145.8,32.13,tyler
2019-11-24 18:56:21,-43.0,-27.0,38.0,-67.14,27.892426,145.88,32.13,tyler
2019-11-24 18:56:22,-40.0,-34.0,37.0,60.11,28.406662,145.97,32.13,tyler
2019-11-24 18:56:23,-32.0,-44.0,32.0,-10.24,29.101448,146.07,32.15,tyler
2019-11-24 18:56:24,-28.0,-46.0,33.0,-73.69,29.826561,146.18,32.13,tyler
2019-11-24 18:56:25,-26.0,-49.0,32.0,46.88,30.016106,146.28,32.13,tyler
2019-11-24 18:56:26,-26.0,-44.0,38.0,-13.21,30.144434,146.38,32.15,tyler
2019-11-24 18:56:27,-27.0,-42.0,39.0,-24.07,30.333979,146.47,32.16,tyler
2019-11-24 18:56:28,-29.0,-39.0,41.0,12.48,30.469734,146.53,32.15,tyler
2019-11-24 18:56:29,-32.0,-38.0,41.0,-2.26,30.659088,146.57,32.15,tyler
2019-11-24 18:56:30,-33.0,-35.0,45.0,42.96,30.656527,146.57,32.16,tyler
2019-11-24 18:56:31,-30.0,-38.0,47.0,47.97,30.75386,146.58,32.18,tyler
2019-11-24 18:56:32,-31.0,-38.0,44.0,12.13,30.831984,146.58,32.18,tyler
2019-11-24 18:56:33,-34.0,-43.0,26.0,-45.07,30.828142,146.58,32.16,tyler
2019-11-24 18:56:34,-53.0,31.0,15.0,2.42,31.212357,146.58,32.18,tyler
2019-11-24 18:56:35,-45.0,25.0,26.0,44.54,30.733767,146.57,32.16,tyler
2019-11-24 18:56:36,-65.0,35.0,-1.0,42.42,30.683817,146.55,32.16,tyler
2019-11-24 18:56:37,-48.0,29.0,-32.0,-61.19,30.685099,146.5,32.16,tyler
2019-11-24 18:56:38,-58.0,22.0,-11.0,-165.52,30.683817,146.45,32.16,tyler
2019-11-24 18:56:39,-63.0,32.0,-17.0,-253.09,30.683817,146.37,32.16,tyler
2019-11-24 18:56:40,-59.0,28.0,9.0,60.93,30.685099,146.25,32.18,tyler
2019-11-24 18:56:41,-60.0,22.0,13.0,91.2,30.715836,146.15,32.18,tyler
2019-11-24 18:56:42,-45.0,33.0,29.0,-30.82,30.728643,145.98,32.18,tyler
2019-11-24 18:56:43,-68.0,38.0,12.0,18.46,30.870802,145.88,32.18,tyler
2019-11-24 18:56:44,-55.0,30.0,39.0,-127.68,30.683817,145.78,32.18,tyler
2019-11-24 18:56:45,-42.0,19.0,43.0,-160.05,30.683817,145.63,32.18,tyler
2019-11-24 18:56:46,-54.0,36.0,13.0,-28.27,31.057787,145.47,32.18,tyler
2019-11-24 18:56:47,-56.0,25.0,12.0,73.67,31.361315,145.22,32.21,tyler
2019-11-24 18:56:48,-91.0,7.0,-9.0,67.09,31.486471,144.98,32.18,tyler
2019-11-24 18:56:49,-80.0,26.0,-37.0,65.45,32.676331,144.73,32.21,tyler
2019-11-24 18:56:50,-55.0,-68.0,16.0,-290.77,33.690834,144.53,32.18,tyler
2019-11-24 18:56:51,-42.0,-56.0,20.0,213.41,35.193714,144.33,32.23,tyler
2019-11-24 18:56:52,-46.0,9.0,24.0,-207.68,36.195724,144.12,32.21,tyler
2019-11-24 18:56:53,-39.0,21.0,-8.0,-198.85,35.694962,143.83,32.21,tyler
2019-11-24 18:56:54,-56.0,16.0,-36.0,-75.7,35.697525,143.52,32.21,tyler
2019-11-24 18:56:55,-64.0,24.0,-37.0,-53.76,35.696243,143.25,32.23,tyler
2019-11-24 18:56:56,-36.0,30.0,-18.0,77.42,35.693684,142.97,32.25,tyler
2019-11-24 18:56:57,-48.0,27.0,-32.0,92.52,35.696243,142.72,32.23,tyler
2019-11-24 18:56:58,-56.0,43.0,-36.0,-9.23,35.694962,142.42,32.23,tyler
2019-11-24 18:56:59,-46.0,36.0,-18.0,44.07,35.696243,142.12,32.25,tyler
2019-11-24 18:57:00,-46.0,27.0,-24.0,75.77,35.694962,141.65,32.25,tyler
2019-11-24 18:57:01,-53.0,39.0,-22.0,-9.52,35.694962,141.17,32.25,tyler
2019-11-24 18:57:02,-47.0,32.0,-28.0,55.21,35.694962,140.72,32.27,tyler
2019-11-24 18:57:03,-51.0,35.0,-13.0,0.9,35.696243,140.25,32.25,tyler
2019-11-24 18:57:04,-53.0,23.0,-19.0,34.34,35.694962,139.75,32.29,tyler
2019-11-24 18:57:05,-48.0,38.0,-28.0,-40.38,35.697525,139.23,32.27,tyler
2019-11-24 18:57:06,-58.0,30.0,-21.0,-39.6,35.696243,138.73,32.31,tyler
2019-11-24 18:57:07,-53.0,39.0,8.0,-42.73,35.694962,138.25,32.31,tyler
2019-11-24 18:57:08,-51.0,38.0,10.0,-3.15,35.694962,137.73,32.31,tyler
2019-11-24 18:57:09,-51.0,38.0,11.0,-10.8,35.694962,137.23,32.33,tyler
2019-11-24 18:57:10,-51.0,38.0,11.0,-11.64,35.694962,136.73,32.33,tyler
2019-11-24 18:57:11,-52.0,38.0,12.0,-8.47,35.694962,136.23,32.31,tyler
2019-11-24 18:57:12,-52.0,38.0,11.0,-8.09,35.694962,135.77,32.33,tyler
2019-11-24 18:57:13,-52.0,38.0,11.0,-10.19,35.694962,135.33,32.33,tyler
2019-11-24 18:57:14,-51.0,38.0,11.0,-8.82,35.696243,134.9,32.34,tyler
2019-11-24 18:57:15,-51.0,38.0,11.0,-8.39,35.694962,134.48,32.34,tyler
2019-11-24 18:57:16,-52.0,38.0,10.0,-8.21,35.697525,134.08,32.37,tyler
2019-11-24 18:57:17,-52.0,38.0,11.0,-10.99,35.693684,133.7,32.37,tyler
2019-11-24 18:57:18,-51.0,38.0,10.0,-23.35,35.694962,133.32,32.37,tyler
2019-11-24 18:57:19,-52.0,38.0,10.0,-33.21,35.696243,132.93,32.37,tyler
2019-11-24 18:57:20,-49.0,36.0,9.0,-31.86,35.694962,132.55,32.39,tyler
2019-11-24 18:57:21,-53.0,32.0,14.0,-10.16,35.696243,132.17,32.37,tyler
2019-11-24 18:57:22,-48.0,36.0,7.0,-11.25,35.696243,131.78,32.43,tyler
2019-11-24 18:57:23,-52.0,37.0,16.0,35.47,35.694962,131.42,32.41,tyler
2019-11-24 18:57:24,-53.0,42.0,13.0,50.77,35.694962,131.05,32.43,tyler
2019-11-24 18:57:25,-49.0,37.0,16.0,56.83,35.696243,130.72,32.41,tyler
2019-11-24 18:57:26,-48.0,39.0,20.0,43.24,35.694962,130.38,32.43,tyler
2019-11-24 18:57:27,-50.0,38.0,17.0,69.95,35.698807,130.07,32.43,tyler
2019-11-24 18:57:28,-51.0,37.0,16.0,17.99,35.694962,129.73,32.45,tyler
2019-11-24 18:57:29,-50.0,38.0,16.0,-51.45,35.694962,129.42,32.45,tyler
2019-11-24 18:57:30,-49.0,38.0,19.0,-29.47,35.694962,129.1,32.47,tyler
2019-11-24 18:57:31,-51.0,37.0,15.0,-4.8,35.696243,128.73,32.47,tyler
2019-11-24 18:57:32,-52.0,37.0,15.0,-11.54,35.694962,128.35,32.45,tyler
2019-11-24 18:57:33,-52.0,37.0,14.0,-14.13,35.694962,127.95,32.45,tyler
2019-11-24 18:57:34,-51.0,37.0,16.0,-10.8,35.694962,127.52,32.45,tyler
2019-11-24 18:57:35,-51.0,37.0,15.0,-4.96,35.694962,127.1,32.47,tyler
2019-11-24 18:57:36,-51.0,37.0,15.0,-5.17,35.694962,126.68,32.49,tyler
2019-11-24 18:57:37,-51.0,37.0,15.0,-3.05,35.694962,126.27,32.49,tyler
2019-11-24 18:57:38,-51.0,37.0,16.0,38.19,35.698807,125.83,32.49,tyler
2019-11-24 18:57:39,-51.0,37.0,15.0,5.79,35.694962,125.43,32.47,tyler
2019-11-24 18:57:40,-52.0,37.0,15.0,-18.24,35.694962,125.02,32.49,tyler
2019-11-24 18:57:41,-51.0,37.0,15.0,-13.81,35.694962,124.57,32.49,tyler
2019-11-24 18:57:42,-48.0,35.0,29.0,-2.59,35.696243,124.15,32.49,tyler
2019-11-24 18:57:43,-53.0,42.0,16.0,9.39,35.694962,123.65,32.49,tyler
2019-11-24 18:57:44,-60.0,32.0,-34.0,-24.53,35.694962,123.13,32.49,tyler
2019-11-24 18:57:45,-53.0,29.0,5.0,9.57,35.694962,122.67,32.49,tyler
2019-11-24 18:57:46,-54.0,29.0,-16.0,26.21,35.696243,122.23,32.49,tyler
2019-11-24 18:57:47,-53.0,30.0,-19.0,39.22,35.696243,121.88,32.49,tyler
2019-11-24 18:57:48,-54.0,30.0,-18.0,108.88,35.694962,121.53,32.49,tyler
2019-11-24 18:57:49,-56.0,38.0,-26.0,-203.71,35.697525,121.17,32.5,tyler
2019-11-24 18:57:50,-47.0,33.0,-27.0,64.65,35.696243,120.78,32.5,tyler
2019-11-24 18:57:51,-57.0,35.0,-14.0,-33.17,35.694962,120.35,32.5,tyler
2019-11-24 18:57:52,-59.0,28.0,-15.0,20.11,35.694962,119.87,32.5,tyler
2019-11-24 18:57:53,-46.0,54.0,44.0,0.29,35.696243,119.45,32.5,tyler
2019-11-24 18:57:54,-38.0,32.0,23.0,65.1,35.694962,119.05,32.5,tyler
2019-11-24 18:57:55,-55.0,30.0,-24.0,21.14,35.694962,118.6,32.5,tyler
2019-11-24 18:57:56,-44.0,34.0,20.0,68.09,35.694962,118.18,32.5,tyler
2019-11-24 18:57:57,-59.0,29.0,-11.0,-35.21,35.693684,117.77,32.53,tyler
2019-11-24 18:57:58,-47.0,32.0,-10.0,1.23,35.696243,117.43,32.55,tyler
2019-11-24 18:57:59,-54.0,35.0,-19.0,57.59,35.693684,117.15,32.55,tyler
2019-11-24 18:58:00,-48.0,34.0,6.0,-101.52,35.697525,117.0,32.55,tyler
2019-11-24 18:58:01,-59.0,19.0,0.0,34.57,35.694962,116.87,32.57,tyler
2019-11-24 18:58:02,-81.0,15.0,20.0,145.52,35.696243,116.68,32.57,tyler
2019-11-24 18:58:03,-56.0,31.0,19.0,47.54,35.696243,116.5,32.57,tyler
2019-11-24 18:58:04,-41.0,16.0,-8.0,9.52,35.694962,116.32,32.57,tyler
2019-11-24 18:58:05,-60.0,5.0,16.0,-77.2,35.696243,116.15,32.59,tyler
2019-11-24 18:58:06,-40.0,-60.0,23.0,17.08,35.696243,115.97,32.59,tyler
2019-11-24 18:58:07,-19.0,-37.0,34.0,19.19,35.694962,115.77,32.59,tyler
2019-11-24 18:58:08,-15.0,-36.0,51.0,186.32,35.696243,115.62,32.61,tyler
2019-11-24 18:58:09,20.0,2.0,62.0,102.29,35.694962,115.48,32.59,tyler
2019-11-24 18:58:10,12.0,3.0,64.0,25.7,35.694962,115.38,32.61,tyler
